순위,TOP100,반영,계정명,주 프로필 핸들,주 플랫폼,주 프로필 URL,Instagram URL,IG 팔로워,YouTube URL,YT 구독자,YT 구독자 상한,단순 합계,살림 카테고리,보고일,IG 수치 확인일,YT 수치 확인일,출처,비고
1,포함,기존,하미마미,@hami.mommy,Instagram,https://www.instagram.com/hami.mommy/,https://www.instagram.com/hami.mommy/,298000,https://www.youtube.com/@hamimommy,2810000,,3108000,친환경·살림루틴·주방,2026-09-09 명단,,,기존 2026-09-09 배포 명단,기존 명단 수치 유지; 개별 플랫폼 확인일 미기록
2,포함,기존,꿀주부,@honeyjubu,Instagram,https://www.instagram.com/honeyjubu/,https://www.instagram.com/honeyjubu/,108000,https://www.youtube.com/@Honeyjubu,2800000,,2908000,청소·집밥·살림루틴,2026-09-09 명단,,,기존 2026-09-09 배포 명단,기존 명단 수치 유지; 개별 플랫폼 확인일 미기록
3,포함,신규,해그린달,@haegreendal,YouTube,https://www.youtube.com/@haegreendal,,,https://www.youtube.com/@haegreendal,2070000,,2070000,살림루틴·집밥·주방·청소·육아일상,2026-09-22,,2026-09-22,https://jamake.io/ko/insight/32,이전 점검 보고값; 실시간 갱신 아님
4,포함,기존,마카롱여사,@mrs_macarons,Instagram,https://www.instagram.com/mrs_macarons/,https://www.instagram.com/mrs_macarons/,1100000,https://www.youtube.com/@mrs_macarons,762000,,1862000,집밥·베이킹·주방용품,2026-09-09 명단,,,기존 2026-09-09 배포 명단,기존 명단 수치 유지; 개별 플랫폼 확인일 미기록
5,포함,기존,김진순,@kimjinsun_lunch,Instagram,https://www.instagram.com/kimjinsun_lunch/,https://www.instagram.com/kimjinsun_lunch/,865000,https://www.youtube.com/@kimjinsun_lunch,881000,,1746000,집밥·반찬·조리도구,2026-09-09 명단,,,기존 2026-09-09 배포 명단,기존 명단 수치 유지; 개별 플랫폼 확인일 미기록
6,포함,신규,주부나라,@jubunara,YouTube,https://www.youtube.com/@jubunara,,,https://www.youtube.com/@jubunara,1660000,1672000,1660000,집밥·김치·장류·식재료활용·생활꿀팁·건강식,2026-09-24,,2026-09-24,https://hypeauditor.com/youtube/UCzIOIStANWRgYa3BRuJOg8Q/ | https://www.youtube.com/@jubunara/playlists,"보고 수치 범위 1,660,000~1,672,000명. 순위는 하한값 사용."
7,포함,신규,엄마의손맛,@momstaste,YouTube,https://www.youtube.com/@momstaste,,,https://www.youtube.com/@momstaste,1650000,,1650000,한식집밥·반찬·김치·국탕찌개·명절음식,2026-09-25,,2026-09-25,https://www.socialerus.com/En/YouTube/Channel/UCKrhyP3raTJQ38m-US2uMjg | https://www.chefchef.app/en/creator/UCKrhyP3raTJQ38m-US2uMjg,이전 점검 보고값; 실시간 갱신 아님
8,포함,신규,냥숲,@nyangsoop,YouTube,https://www.youtube.com/channel/UCrailkufB1aKrKc6l1osRgw,,,https://www.youtube.com/channel/UCrailkufB1aKrKc6l1osRgw,1200000,,1200000,집밥·주방·식재료·주택살이·살림일상,2026-09-19,,2026-09-19,https://playboard.co/en/channel/UCrailkufB1aKrKc6l1osRgw,이전 점검 보고값; 실시간 갱신 아님
9,포함,신규,귀곰,@gwigom,YouTube,https://www.youtube.com/@gwigom,,,https://www.youtube.com/@gwigom,1150000,,1150000,생활용품·청소용품·주방용품·생활가전·육아용품,2026-09-12,,2026-09-12,https://vidiq.com/youtube-stats/channel/@gwigom/,이전 점검 보고값; 실시간 갱신 아님
10,포함,기존,홈몽몽,@hommongmong,Instagram,https://www.instagram.com/hommongmong/,https://www.instagram.com/hommongmong/,1090000,,,,1090000,정리수납·팬트리·육아살림,2026-09-09 명단,,,기존 2026-09-09 배포 명단,기존 명단 수치 유지; 개별 플랫폼 확인일 미기록
11,포함,기존,세탁설,@setaksul,Instagram,https://www.instagram.com/setaksul/,https://www.instagram.com/setaksul/,,https://www.youtube.com/@setaksul,836000,,836000,세탁·청소·전문가,2026-09-09 명단,,,기존 2026-09-09 배포 명단,기존 명단 수치 유지; 개별 플랫폼 확인일 미기록
12,포함,기존,요오리,@__cookduck,Instagram,https://www.instagram.com/__cookduck/,https://www.instagram.com/__cookduck/,360000,https://www.youtube.com/@cookduck,429000,,789000,집밥·주방·요리·식품,2026-09-09 명단,,,기존 2026-09-09 배포 명단,기존 명단 수치 유지; 개별 플랫폼 확인일 미기록
13,포함,신규,심방골주부,@심방골주부,YouTube,https://www.youtube.com/channel/UCMXFSqYCTcB4iIJLwUJaBrQ,,,https://www.youtube.com/channel/UCMXFSqYCTcB4iIJLwUJaBrQ,769000,,769000,한식집밥·밑반찬·김치·제철음식·식재료·주방,2026-09-23,,2026-09-23,https://www.socialerus.com/Kr/YouTube/Channel/UCMXFSqYCTcB4iIJLwUJaBrQ | https://www.chefchef.app/ko/creator/UCMXFSqYCTcB4iIJLwUJaBrQ,이전 점검 보고값; 실시간 갱신 아님
14,포함,신규,살림팝,@살림팝,YouTube,https://www.youtube.com/@%EC%82%B4%EB%A6%BC%ED%8C%9D,,,https://www.youtube.com/@%EC%82%B4%EB%A6%BC%ED%8C%9D,768000,,768000,집밥·간편요리·주방용품·식재료,2026-09-14,,2026-09-14,https://vidiq.com/youtube-stats/channel/@%EC%82%B4%EB%A6%BC%ED%8C%9D/,이전 점검 보고값; 실시간 갱신 아님
15,포함,기존,봄집사,@bomzipsa,Instagram,https://www.instagram.com/bomzipsa/,https://www.instagram.com/bomzipsa/,319000,https://www.youtube.com/channel/UCARh5WQzpBbU-r3HcJRXniA,437000,,756000,세탁·청소·정리·수납·생활가전,2026-09-09 명단,,,기존 2026-09-09 배포 명단,기존 명단 수치 유지; 개별 플랫폼 확인일 미기록
16,포함,신규,정리마켓,@tidymarket,YouTube,https://www.youtube.com/@tidymarket,,,https://www.youtube.com/@tidymarket,742000,,742000,정리수납·주방정리·생활꿀팁·미니멀라이프·살림탐방,2026-09-11,,2026-09-11,https://vidiq.com/youtube-stats/channel/@tidymarket/,이전 점검 보고값; 실시간 갱신 아님
17,포함,기존,어썸테이블,@awesometable7,Instagram,https://www.instagram.com/awesometable7/,https://www.instagram.com/awesometable7/,587000,https://www.youtube.com/@awesometable7,149000,,736000,집밥·주방용품·살림템,2026-09-09 명단,,,기존 2026-09-09 배포 명단,기존 명단 수치 유지; 개별 플랫폼 확인일 미기록
18,포함,기존,드엘리사,@de_elisa_shop,Instagram,https://www.instagram.com/de_elisa_shop/,https://www.instagram.com/de_elisa_shop/,726000,https://www.youtube.com/@de_elisa_shop,45,,726045,공구·리빙·살림,2026-09-09 명단,,,기존 2026-09-09 배포 명단,기존 명단 수치 유지; 개별 플랫폼 확인일 미기록
19,포함,기존,다다,@dada_salrim,Instagram,https://www.instagram.com/dada_salrim/,https://www.instagram.com/dada_salrim/,360000,https://www.youtube.com/@dada_salrim,357000,,717000,살림·살림,2026-09-09 명단,,,기존 2026-09-09 배포 명단,기존 명단 수치 유지; 개별 플랫폼 확인일 미기록
20,포함,기존,오후살림,@self_interior,Instagram,https://www.instagram.com/self_interior/,https://www.instagram.com/self_interior/,691000,https://www.youtube.com/channel/UC48OPUBVRZkz2EET_7gvF_Q,12,,691012,인테리어·살림,2026-09-09 명단,,,기존 2026-09-09 배포 명단,기존 명단 수치 유지; 개별 플랫폼 확인일 미기록
21,포함,신규,시스레터,@sisletter,YouTube,https://www.youtube.com/@sisletter,,,https://www.youtube.com/@sisletter,674000,,674000,정리수납·주방용품·청소·집밥·살림루틴,2026-09-10,,2026-09-10,https://vidiq.com/youtube-stats/channel/@sisletter/,이전 보고의 공식 표시값 67.4만 적용; 당시 별도 통계 67.3만.
22,포함,기존,포유홈,@foryou_home87,Instagram,https://www.instagram.com/foryou_home87/,https://www.instagram.com/foryou_home87/,635000,,,,635000,주방용품·세탁·청소·생활가전,2026-09-09 명단,,,기존 2026-09-09 배포 명단,기존 명단 수치 유지; 개별 플랫폼 확인일 미기록
23,포함,기존,까사림,@casa_rim,Instagram,https://www.instagram.com/casa_rim/,https://www.instagram.com/casa_rim/,620000,,,,620000,주방·요리·식기·생활가전,2026-09-09 명단,,,기존 2026-09-09 배포 명단,기존 명단 수치 유지; 개별 플랫폼 확인일 미기록
24,포함,기존,마마홈,@mama__home_,Instagram,https://www.instagram.com/mama__home_/,https://www.instagram.com/mama__home_/,600000,,,,600000,주방·요리·세탁·청소·가전,2026-09-09 명단,,,기존 2026-09-09 배포 명단,기존 명단 수치 유지; 개별 플랫폼 확인일 미기록
25,포함,기존,깎언니,@lifegooditem,Instagram,https://www.instagram.com/lifegooditem/,https://www.instagram.com/lifegooditem/,593000,https://www.youtube.com/%40%EA%B9%8E%EC%96%B8%EB%8B%88,,,593000,공구·생활·살림,2026-09-09 명단,,,기존 2026-09-09 배포 명단,기존 명단 수치 유지; 개별 플랫폼 확인일 미기록
26,포함,기존,마리에뜰,@mari__ettle,Instagram,https://www.instagram.com/mari__ettle/,https://www.instagram.com/mari__ettle/,579000,,,,579000,주방·요리·세탁·청소·생활가전,2026-09-09 명단,,,기존 2026-09-09 배포 명단,기존 명단 수치 유지; 개별 플랫폼 확인일 미기록
27,포함,기존,생활작가,@lifestyle_writer_,Instagram,https://www.instagram.com/lifestyle_writer_/,https://www.instagram.com/lifestyle_writer_/,310000,https://www.youtube.com/channel/UCwgbutnZiRGBCuAI6Eu2e3A,269000,,579000,집밥·주방용품·조리가전,2026-09-09 명단,,,기존 2026-09-09 배포 명단,기존 명단 수치 유지; 개별 플랫폼 확인일 미기록
28,포함,신규,정리왕,@jiyoung11008,Instagram,https://www.instagram.com/jiyoung11008/,https://www.instagram.com/jiyoung11008/,115000,https://www.youtube.com/@jungriking,421000,,536000,정리수납·주방정리·옷장정리·공간재구성·미니멀라이프,2026-09-18,2026-09-18,2026-09-18,https://tenb.io/yt/channel/@jungriking | https://www.socialerus.com/Kr/YouTube/Channel/UCmErD4mBSQUUIxHFB8RTJLA,이전 점검 보고값; 실시간 갱신 아님
29,포함,기존,우렁신랑 & 각시,@woorung2_life,Instagram,https://www.instagram.com/woorung2_life/,https://www.instagram.com/woorung2_life/,305000,https://www.youtube.com/@wisehusband,175000,,480000,청소·살림,2026-09-09 명단,,,기존 2026-09-09 배포 명단,기존 명단 수치 유지; 개별 플랫폼 확인일 미기록
30,포함,기존,라라홈,@rara__home_,Instagram,https://www.instagram.com/rara__home_/,https://www.instagram.com/rara__home_/,474000,,,,474000,감성살림·살림,2026-09-09 명단,,,기존 2026-09-09 배포 명단,기존 명단 수치 유지; 개별 플랫폼 확인일 미기록
31,포함,병합,헤이두,@hejdoodoo,Instagram,https://www.instagram.com/hejdoodoo/,https://www.instagram.com/hejdoodoo/,254000,https://www.youtube.com/@hejdoo,215000,,469000,친환경살림·정리수납·주방용품·재활용·청소,2026-09-19,2026-09-02,2026-09-19,https://www.ndex.kr/data/hejdoo,동일 Instagram @hejdoodoo로 병합. 2026-07-22 집계 23.5만보다 이후인 기존 2026-09-02 확인값 25.4만 유지. YouTube 21.5만 추가.
32,포함,기존,집순키친,@jipsoon_kitchen,Instagram,https://www.instagram.com/jipsoon_kitchen/,https://www.instagram.com/jipsoon_kitchen/,333000,https://www.youtube.com/channel/UCI0dnkr7U32akybnjllGYxw,113000,,446000,집밥·식품·주방용품,2026-09-09 명단,,,기존 2026-09-09 배포 명단,기존 명단 수치 유지; 개별 플랫폼 확인일 미기록
33,포함,기존,미라클식탁,@miracle_eunju119,Instagram,https://www.instagram.com/miracle_eunju119/,https://www.instagram.com/miracle_eunju119/,438000,,,,438000,집밥·반찬·주방용품,2026-09-09 명단,,,기존 2026-09-09 배포 명단,기존 명단 수치 유지; 개별 플랫폼 확인일 미기록
34,포함,신규,산골여행,산골여행,YouTube,https://www.youtube.com/channel/UCX3jMYyi3smD-ltueIQMawA,,,https://www.youtube.com/channel/UCX3jMYyi3smD-ltueIQMawA,435000,,435000,주방욕실청소·식재료보관·집밥·친환경전원살림,2026-09-15,,2026-09-15,https://tubemon.io/channel/UCX3jMYyi3smD-ltueIQMawA | https://vling.net/channel/UCX3jMYyi3smD-ltueIQMawA/ai-insight,이전 점검 보고값; 실시간 갱신 아님
35,포함,기존,체리밀,@cherry_meal,Instagram,https://www.instagram.com/cherry_meal/,https://www.instagram.com/cherry_meal/,305000,https://www.youtube.com/@cherry_meal,120000,,425000,집밥·식품·주방·요리,2026-09-09 명단,,,기존 2026-09-09 배포 명단,기존 명단 수치 유지; 개별 플랫폼 확인일 미기록
36,포함,신규,살림연구소 오클,@ocle_lab,Instagram,https://www.instagram.com/ocle_lab/,https://www.instagram.com/ocle_lab/,79800,https://www.youtube.com/@%EC%82%B4%EB%A6%BC%EC%97%B0%EA%B5%AC%EC%86%8C%EC%98%A4%ED%81%B4,324000,325000,403800,생활꿀팁·청소·주방용품·정리수납,2026-09-14,2026-09-14,2026-09-14,https://vidiq.com/youtube-stats/channel/@%EC%82%B4%EB%A6%BC%EC%97%B0%EA%B5%AC%EC%86%8C%EC%98%A4%ED%81%B4/,"보고 수치 범위 324,000~325,000명. 순위는 하한값 사용."
37,포함,신규,"그림처럼_살림,일상vlog",@_vlog197,YouTube,https://www.youtube.com/@_vlog197,,,https://www.youtube.com/@_vlog197,401000,,401000,주방정리·정리수납·살림템·집밥·인테리어,2026-09-13,,2026-09-13,https://vidiq.com/youtube-stats/channel/@_vlog197/,이전 점검 보고값; 실시간 갱신 아님
38,포함,기존,다다맘,@da_da__mom,Instagram,https://www.instagram.com/da_da__mom/,https://www.instagram.com/da_da__mom/,307000,https://www.youtube.com/@da_da__mom,88600,,395600,세탁·청소·정리·수납·생활용품,2026-09-09 명단,,,기존 2026-09-09 배포 명단,기존 명단 수치 유지; 개별 플랫폼 확인일 미기록
39,포함,신규,토깽이아줌마의 살림일기,@rab.bit._.1,Instagram,https://www.instagram.com/rab.bit._.1/,https://www.instagram.com/rab.bit._.1/,28900,https://www.youtube.com/channel/UCv3mfz9gg35cBOT2yNc1P_Q,364000,,392900,살림꿀팁·청소·정리정돈·가정식·주방노하우,2026-09-17,2026-09-17,2026-09-17,https://jp.noxinfluencer.com/youtube/realtime-subs-count/UCv3mfz9gg35cBOT2yNc1P_Q | https://playboard.co/channel/UCv3mfz9gg35cBOT2yNc1P_Q,이전 점검 보고값; 실시간 갱신 아님
40,포함,기존,문성실,@moonsungsil,Instagram,https://www.instagram.com/moonsungsil/,https://www.instagram.com/moonsungsil/,305000,https://www.youtube.com/@tvmoonskitchen2882,84000,,389000,집밥·반찬·주방용품,2026-09-09 명단,,,기존 2026-09-09 배포 명단,기존 명단 수치 유지; 개별 플랫폼 확인일 미기록
41,포함,기존,꽁주부,@kkong_jubu,Instagram,https://www.instagram.com/kkong_jubu/,https://www.instagram.com/kkong_jubu/,24000,https://www.youtube.com/channel/UCyWJ1DEvSLg6Xprj2ZzQEmQ,365000,,389000,청소·주방·꿀팁,2026-09-09 명단,,,기존 2026-09-09 배포 명단,기존 명단 수치 유지; 개별 플랫폼 확인일 미기록
42,포함,기존,윤자네,@yunja.ne,Instagram,https://www.instagram.com/yunja.ne/,https://www.instagram.com/yunja.ne/,388000,,,,388000,살림템·간편요리·생활용품,2026-09-09 명단,,,기존 2026-09-09 배포 명단,기존 명단 수치 유지; 개별 플랫폼 확인일 미기록
43,포함,기존,이지테이블,@easy_table__,Instagram,https://www.instagram.com/easy_table__/,https://www.instagram.com/easy_table__/,383000,,,,383000,간편요리·식단·조리도구,2026-09-09 명단,,,기존 2026-09-09 배포 명단,기존 명단 수치 유지; 개별 플랫폼 확인일 미기록
44,포함,기존,써니식탁,@lovely_sunny_0510,Instagram,https://www.instagram.com/lovely_sunny_0510/,https://www.instagram.com/lovely_sunny_0510/,326000,https://www.youtube.com/@lovely_sunny_0510,48700,,374700,집밥·식품·주방용품,2026-09-09 명단,,,기존 2026-09-09 배포 명단,기존 명단 수치 유지; 개별 플랫폼 확인일 미기록
45,포함,기존,오인스,@saedek_oins,Instagram,https://www.instagram.com/saedek_oins/,https://www.instagram.com/saedek_oins/,299000,https://www.youtube.com/@saedek_oins,70900,,369900,살림·리빙·살림,2026-09-09 명단,,,기존 2026-09-09 배포 명단,기존 명단 수치 유지; 개별 플랫폼 확인일 미기록
46,포함,신규,아빠살림·김민준,@appasallim,Instagram,https://www.instagram.com/appasallim/,https://www.instagram.com/appasallim/,196000,https://www.youtube.com/channel/UCv_mXNBuPb43EGC7O9rmHlQ,169000,,365000,청소·세탁·정리수납·살림루틴·생활용품,2026-09-28,2026-09-28,2026-09-28,https://tubemon.io/channel/UCv_mXNBuPb43EGC7O9rmHlQ | https://www.wanted.co.kr/wd/348819 | https://www.instagram.com/appasallim/,이전 점검 보고값; 실시간 갱신 아님
47,포함,기존,지엠마,@jiemma_official,Instagram,https://www.instagram.com/jiemma_official/,https://www.instagram.com/jiemma_official/,358000,,,,358000,주방·살림,2026-09-09 명단,,,기존 2026-09-09 배포 명단,기존 명단 수치 유지; 개별 플랫폼 확인일 미기록
48,포함,기존,제주가장,@jeju.gajang,Instagram,https://www.instagram.com/jeju.gajang/,https://www.instagram.com/jeju.gajang/,46000,https://www.youtube.com/channel/UCXe0z0je45VmqE0JfanwNnw,303000,,349000,살림·청소·생활용품,2026-09-09 명단,,,기존 2026-09-09 배포 명단,기존 명단 수치 유지; 개별 플랫폼 확인일 미기록
49,포함,기존,메종드샹스,@maisondechance_official,Instagram,https://www.instagram.com/maisondechance_official/,https://www.instagram.com/maisondechance_official/,335000,,,,335000,주방·요리·생활가전·침구,2026-09-09 명단,,,기존 2026-09-09 배포 명단,기존 명단 수치 유지; 개별 플랫폼 확인일 미기록
50,포함,기존,제이맘테이블,@jmom_table,Instagram,https://www.instagram.com/jmom_table/,https://www.instagram.com/jmom_table/,335000,,,,335000,집밥·반찬·주방용품,2026-09-09 명단,,,기존 2026-09-09 배포 명단,기존 명단 수치 유지; 개별 플랫폼 확인일 미기록
51,포함,신규,살림왕 옥주부,@옥주부-ODJ,YouTube,https://www.youtube.com/channel/UCmssYyuC7A25e0yjq4g0sSg,,,https://www.youtube.com/channel/UCmssYyuC7A25e0yjq4g0sSg,335000,,335000,집밥·레시피·주방정리·살림노하우,2026-09-26,,2026-09-26,https://tubemon.io/channel/UCmssYyuC7A25e0yjq4g0sSg | https://v.daum.net/v/AN5dKGKUtM?f=p,이전 점검 보고값; 실시간 갱신 아님
52,포함,신규,살림설렘,@살림설렘,YouTube,https://www.youtube.com/@%EC%82%B4%EB%A6%BC%EC%84%A4%EB%A0%98,,,https://www.youtube.com/@%EC%82%B4%EB%A6%BC%EC%84%A4%EB%A0%98,334000,,334000,살림꿀팁·주방용품·청소·생활용품,2026-09-14,,2026-09-14,https://tenb.io/yt/channel/@%EC%82%B4%EB%A6%BC%EC%84%A4%EB%A0%98 | https://playboard.co/channel/UCqf-sIfY4zJgzoqS9G1St4g,이전 점검 보고값; 실시간 갱신 아님
53,포함,기존,지미테이블,@jimmytable__,Instagram,https://www.instagram.com/jimmytable__/,https://www.instagram.com/jimmytable__/,275000,https://www.youtube.com/@jimmytable,53800,,328800,집밥·반찬·주방용품,2026-09-09 명단,,,기존 2026-09-09 배포 명단,기존 명단 수치 유지; 개별 플랫폼 확인일 미기록
54,포함,기존,심플팩토리,@simplefty,Instagram,https://www.instagram.com/simplefty/,https://www.instagram.com/simplefty/,312000,https://www.youtube.com/@simplefty,13900,,325900,살림팁·욕실·생활용품,2026-09-09 명단,,,기존 2026-09-09 배포 명단,기존 명단 수치 유지; 개별 플랫폼 확인일 미기록
55,포함,기존,오복하우스,@5bok_house,Instagram,https://www.instagram.com/5bok_house/,https://www.instagram.com/5bok_house/,323000,,,,323000,욕실·정리·수납·세탁·청소,2026-09-09 명단,,,기존 2026-09-09 배포 명단,기존 명단 수치 유지; 개별 플랫폼 확인일 미기록
56,포함,기존,코루비,@corub_i,Instagram,https://www.instagram.com/corub_i/,https://www.instagram.com/corub_i/,322000,,,,322000,인테리어·가구·세탁·청소,2026-09-09 명단,,,기존 2026-09-09 배포 명단,기존 명단 수치 유지; 개별 플랫폼 확인일 미기록
57,포함,기존,아지살림,@happyaji_home,Instagram,https://www.instagram.com/happyaji_home/,https://www.instagram.com/happyaji_home/,15000,https://www.youtube.com/channel/UClGXzNNnfEFd1uAbY7KCljQ,301000,,316000,살림템·수납·공동구매,2026-09-09 명단,,,기존 2026-09-09 배포 명단,기존 명단 수치 유지; 개별 플랫폼 확인일 미기록
58,포함,기존,콩라이프,@cong_lyfe,Instagram,https://www.instagram.com/cong_lyfe/,https://www.instagram.com/cong_lyfe/,274000,https://www.youtube.com/@cong_lyfe,36500,,310500,세탁·청소·생활용품·가전,2026-09-09 명단,,,기존 2026-09-09 배포 명단,기존 명단 수치 유지; 개별 플랫폼 확인일 미기록
59,포함,기존,랭쑤,@913mr,Instagram,https://www.instagram.com/913mr/,https://www.instagram.com/913mr/,308000,,,,308000,생활용품·집밥·정리·수납,2026-09-09 명단,,,기존 2026-09-09 배포 명단,기존 명단 수치 유지; 개별 플랫폼 확인일 미기록
60,포함,기존,백반집첫째딸,@100ban_88,Instagram,https://www.instagram.com/100ban_88/,https://www.instagram.com/100ban_88/,184000,https://www.youtube.com/@100Ban_88,117000,,301000,집밥·식품·주방·요리,2026-09-09 명단,,,기존 2026-09-09 배포 명단,기존 명단 수치 유지; 개별 플랫폼 확인일 미기록
61,포함,기존,동채,@dongchae___,Instagram,https://www.instagram.com/dongchae___/,https://www.instagram.com/dongchae___/,260000,https://www.youtube.com/@dongchae_recipe/videos,39500,,299500,주방·요리·세탁·청소·생활용품,2026-09-09 명단,,,기존 2026-09-09 배포 명단,기존 명단 수치 유지; 개별 플랫폼 확인일 미기록
62,포함,기존,지지미,@ggmimomo,Instagram,https://www.instagram.com/ggmimomo/,https://www.instagram.com/ggmimomo/,299000,,,,299000,간편요리·주방·요리·생활용품,2026-09-09 명단,,,기존 2026-09-09 배포 명단,기존 명단 수치 유지; 개별 플랫폼 확인일 미기록
63,포함,기존,유부림,@married_rim,Instagram,https://www.instagram.com/married_rim/,https://www.instagram.com/married_rim/,281000,https://www.youtube.com/@married_rim,16000,,297000,가전·주방·요리·세탁·청소,2026-09-09 명단,,,기존 2026-09-09 배포 명단,기존 명단 수치 유지; 개별 플랫폼 확인일 미기록
64,포함,기존,지니하우스,@genie__house__,Instagram,https://www.instagram.com/genie__house__/,https://www.instagram.com/genie__house__/,288000,,,,288000,주방·요리·정리·수납·가전,2026-09-09 명단,,,기존 2026-09-09 배포 명단,기존 명단 수치 유지; 개별 플랫폼 확인일 미기록
65,포함,기존,심플리홈,@__simplyhome,Instagram,https://www.instagram.com/__simplyhome/,https://www.instagram.com/__simplyhome/,236000,https://www.youtube.com/@__simplyhome,50000,,286000,홈·리빙·살림,2026-09-09 명단,,,기존 2026-09-09 배포 명단,기존 명단 수치 유지; 개별 플랫폼 확인일 미기록
66,포함,기존,홈앤홈,@home.n.home,Instagram,https://www.instagram.com/home.n.home/,https://www.instagram.com/home.n.home/,285000,,,,285000,주방·요리·세탁·청소·가전,2026-09-09 명단,,,기존 2026-09-09 배포 명단,기존 명단 수치 유지; 개별 플랫폼 확인일 미기록
67,포함,기존,조이풀영은,@joyful_youngeun,Instagram,https://www.instagram.com/joyful_youngeun/,https://www.instagram.com/joyful_youngeun/,259000,https://www.youtube.com/channel/UCElZxriDwiyChi04ImlLBxg,25300,,284300,주방·요리·세탁·청소·생활용품,2026-09-09 명단,,,기존 2026-09-09 배포 명단,기존 명단 수치 유지; 개별 플랫폼 확인일 미기록
68,포함,기존,썬이맘,@son2.mom,Instagram,https://www.instagram.com/son2.mom/,https://www.instagram.com/son2.mom/,284000,,,,284000,집밥·식품·주방·요리,2026-09-09 명단,,,기존 2026-09-09 배포 명단,기존 명단 수치 유지; 개별 플랫폼 확인일 미기록
69,포함,기존,됴미식탁,@dyom.y,Instagram,https://www.instagram.com/dyom.y/,https://www.instagram.com/dyom.y/,166000,https://www.youtube.com/channel/UCt7WwR9eZKvp12PQk4O5jNw,118000,,284000,집밥·살림·살림,2026-09-09 명단,,,기존 2026-09-09 배포 명단,기존 명단 수치 유지; 개별 플랫폼 확인일 미기록
70,포함,신규,cardsu까르슈 살림,@cardsu493,YouTube,https://www.youtube.com/@cardsu493,,,https://www.youtube.com/@cardsu493,284000,,284000,정리정돈·친환경살림·집밥·인테리어·베란다정원,2026-09-14,,2026-09-14,https://vidiq.com/youtube-stats/channel/@cardsu493/,이전 점검 보고값; 실시간 갱신 아님
71,포함,기존,리채움,@rechaeum,Instagram,https://www.instagram.com/rechaeum/,https://www.instagram.com/rechaeum/,283000,,,,283000,정리·수납,2026-09-09 명단,,,기존 2026-09-09 배포 명단,기존 명단 수치 유지; 개별 플랫폼 확인일 미기록
72,포함,기존,심플리레시피,@simply_recipe,Instagram,https://www.instagram.com/simply_recipe/,https://www.instagram.com/simply_recipe/,241000,https://www.youtube.com/@simply_recipe,38600,,279600,요리·살림,2026-09-09 명단,,,기존 2026-09-09 배포 명단,기존 명단 수치 유지; 개별 플랫폼 확인일 미기록
73,포함,기존,베리엠제이,@very_mj,Instagram,https://www.instagram.com/very_mj/,https://www.instagram.com/very_mj/,220000,https://www.youtube.com/@very_mj,58800,,278800,인테리어·가구·주방·요리,2026-09-09 명단,,,기존 2026-09-09 배포 명단,기존 명단 수치 유지; 개별 플랫폼 확인일 미기록
74,포함,신규,살림로그,@살림로그,YouTube,https://www.youtube.com/@%EC%82%B4%EB%A6%BC%EB%A1%9C%EA%B7%B8,,,https://www.youtube.com/@%EC%82%B4%EB%A6%BC%EB%A1%9C%EA%B7%B8,278000,,278000,살림템·청소·정리·생활용품·주방용품,2026-09-14,,2026-09-14,https://vidiq.com/youtube-stats/channel/@%EC%82%B4%EB%A6%BC%EB%A1%9C%EA%B7%B8/,이전 점검 보고값; 실시간 갱신 아님
75,포함,기존,라온살림,@laon_salrim,Instagram,https://www.instagram.com/laon_salrim/,https://www.instagram.com/laon_salrim/,22900,https://www.youtube.com/@Laon_salrim,255000,,277900,주방·브이로그·집밥,2026-09-09 명단,,,기존 2026-09-09 배포 명단,기존 명단 수치 유지; 개별 플랫폼 확인일 미기록
76,포함,기존,길쭉이네,@eunjin_1225,Instagram,https://www.instagram.com/eunjin_1225/,https://www.instagram.com/eunjin_1225/,195000,https://www.youtube.com/@eunjin_1225,79000,,274000,집밥·주방·요리·살림템,2026-09-09 명단,,,기존 2026-09-09 배포 명단,기존 명단 수치 유지; 개별 플랫폼 확인일 미기록
77,포함,기존,리니블,@_liniworld_,Instagram,https://www.instagram.com/_liniworld_/,https://www.instagram.com/_liniworld_/,273000,,,,273000,현실살림·집밥·생활용품,2026-09-09 명단,,,기존 2026-09-09 배포 명단,기존 명단 수치 유지; 개별 플랫폼 확인일 미기록
78,포함,기존,로코하우스,@roco_house_,Instagram,https://www.instagram.com/roco_house_/,https://www.instagram.com/roco_house_/,270000,,,,270000,주방·요리·세탁·청소·정리·수납,2026-09-09 명단,,,기존 2026-09-09 배포 명단,기존 명단 수치 유지; 개별 플랫폼 확인일 미기록
79,포함,기존,프롬졸리,@fromjolie_home,Instagram,https://www.instagram.com/fromjolie_home/,https://www.instagram.com/fromjolie_home/,261000,https://www.youtube.com/@fromjolie_home,101,,261101,청소·살림,2026-09-09 명단,,,기존 2026-09-09 배포 명단,기존 명단 수치 유지; 개별 플랫폼 확인일 미기록
80,포함,기존,유딘살림,@about_udin,Instagram,https://www.instagram.com/about_udin/,https://www.instagram.com/about_udin/,149000,https://www.youtube.com/channel/UCM5uXf5hRVs50VS4Q3rTY7Q,111000,,260000,청소·살림,2026-09-09 명단,,,기존 2026-09-09 배포 명단,기존 명단 수치 유지; 개별 플랫폼 확인일 미기록
81,포함,기존,구아카,@cooaka__,Instagram,https://www.instagram.com/cooaka__/,https://www.instagram.com/cooaka__/,211000,https://www.youtube.com/channel/UC_KUcoS03mj2Y1fStCPZzgA,44300,,255300,주방·요리·식품·살림템,2026-09-09 명단,,,기존 2026-09-09 배포 명단,기존 명단 수치 유지; 개별 플랫폼 확인일 미기록
82,포함,기존,청이레시피,@chung_e_recipe,Instagram,https://www.instagram.com/chung_e_recipe/,https://www.instagram.com/chung_e_recipe/,254000,,,,254000,집밥·주방·요리·생활가전,2026-09-09 명단,,,기존 2026-09-09 배포 명단,기존 명단 수치 유지; 개별 플랫폼 확인일 미기록
83,포함,기존,땡스맘,@thanks_maam,Instagram,https://www.instagram.com/thanks_maam/,https://www.instagram.com/thanks_maam/,250000,,,,250000,세탁·청소·세제·생활용품,2026-09-09 명단,,,기존 2026-09-09 배포 명단,기존 명단 수치 유지; 개별 플랫폼 확인일 미기록
84,포함,기존,유진이랑,@yujinirang,Instagram,https://www.instagram.com/yujinirang/,https://www.instagram.com/yujinirang/,249000,,,,249000,집밥·식품·주방·요리,2026-09-09 명단,,,기존 2026-09-09 배포 명단,기존 명단 수치 유지; 개별 플랫폼 확인일 미기록
85,포함,기존,목리집박주부,@mokri_house,Instagram,https://www.instagram.com/mokri_house/,https://www.instagram.com/mokri_house/,245000,,,,245000,살림템,2026-09-09 명단,,,기존 2026-09-09 배포 명단,기존 명단 수치 유지; 개별 플랫폼 확인일 미기록
86,포함,기존,달빛언니,@moonlight.living,Instagram,https://www.instagram.com/moonlight.living/,https://www.instagram.com/moonlight.living/,234000,,,,234000,살림용품·세탁·청소·정리·수납,2026-09-09 명단,,,기존 2026-09-09 배포 명단,기존 명단 수치 유지; 개별 플랫폼 확인일 미기록
87,포함,기존,퇴근후살림,@sallim_after_work,Instagram,https://www.instagram.com/sallim_after_work/,https://www.instagram.com/sallim_after_work/,233000,,,,233000,생활용품,2026-09-09 명단,,,기존 2026-09-09 배포 명단,기존 명단 수치 유지; 개별 플랫폼 확인일 미기록
88,포함,신규,서툴러도 괜찮아 HeyGreenday,@heygreendayhome,YouTube,https://www.youtube.com/@heygreendayhome,,,https://www.youtube.com/@heygreendayhome,222000,,222000,정리수납·주방정리·청소루틴·재활용수납·친환경살림,2026-09-27,,2026-09-27,https://vidiq.com/youtube-stats/channel/@heygreendayhome/,이전 점검 보고값; 실시간 갱신 아님
89,포함,기존,라임블리,@lime__vely,Instagram,https://www.instagram.com/lime__vely/,https://www.instagram.com/lime__vely/,219000,,,,219000,살림템,2026-09-09 명단,,,기존 2026-09-09 배포 명단,기존 명단 수치 유지; 개별 플랫폼 확인일 미기록
90,포함,기존,연테이블,@__y.e.o.n,Instagram,https://www.instagram.com/__y.e.o.n/,https://www.instagram.com/__y.e.o.n/,217000,,,,217000,주방·요리,2026-09-09 명단,,,기존 2026-09-09 배포 명단,기존 명단 수치 유지; 개별 플랫폼 확인일 미기록
91,포함,기존,까사드제리,@casa_de_jerry,Instagram,https://www.instagram.com/casa_de_jerry/,https://www.instagram.com/casa_de_jerry/,192000,https://www.youtube.com/@casa_de_jerry,23900,,215900,청소,2026-09-09 명단,,,기존 2026-09-09 배포 명단,기존 명단 수치 유지; 개별 플랫폼 확인일 미기록
92,포함,기존,해달홈,@haedal_home,Instagram,https://www.instagram.com/haedal_home/,https://www.instagram.com/haedal_home/,215000,,,,215000,인테리어,2026-09-09 명단,,,기존 2026-09-09 배포 명단,기존 명단 수치 유지; 개별 플랫폼 확인일 미기록
93,포함,기존,모난살림,@monan_sallim,Instagram,https://www.instagram.com/monan_sallim/,https://www.instagram.com/monan_sallim/,210000,https://www.youtube.com/channel/UCeKUVpoScMeK5aUVpDtuNtg,52,,210052,살림템,2026-09-09 명단,,,기존 2026-09-09 배포 명단,기존 명단 수치 유지; 개별 플랫폼 확인일 미기록
94,포함,기존,집도미,@jibbab_doumi,Instagram,https://www.instagram.com/jibbab_doumi/,https://www.instagram.com/jibbab_doumi/,210000,,,,210000,주방·요리,2026-09-09 명단,,,기존 2026-09-09 배포 명단,기존 명단 수치 유지; 개별 플랫폼 확인일 미기록
95,포함,신규,하루그린,@harugreen,YouTube,https://www.youtube.com/@harugreen,,,https://www.youtube.com/@harugreen,206000,,206000,주방정리·수납·재활용수납·제로웨이스트,2026-09-16,,2026-09-16,https://vidiq.com/youtube-stats/channel/@harugreen/,이전 점검 보고값; 실시간 갱신 아님
96,포함,기존,메종드율,@maison_de_yul,Instagram,https://www.instagram.com/maison_de_yul/,https://www.instagram.com/maison_de_yul/,200000,,,,200000,주방·요리,2026-09-09 명단,,,기존 2026-09-09 배포 명단,기존 명단 수치 유지; 개별 플랫폼 확인일 미기록
97,포함,기존,쑤기테이블,@ssugi_table,Instagram,https://www.instagram.com/ssugi_table/,https://www.instagram.com/ssugi_table/,198000,,,,198000,주방·요리,2026-09-09 명단,,,기존 2026-09-09 배포 명단,기존 명단 수치 유지; 개별 플랫폼 확인일 미기록
98,포함,기존,이유살림,@2you_salim,Instagram,https://www.instagram.com/2you_salim/,https://www.instagram.com/2you_salim/,193000,,,,193000,주방·요리,2026-09-09 명단,,,기존 2026-09-09 배포 명단,기존 명단 수치 유지; 개별 플랫폼 확인일 미기록
99,포함,신규,꿀팁주부 백살림,@100happyliving,Instagram,https://www.instagram.com/100happyliving/,https://www.instagram.com/100happyliving/,9100,https://www.youtube.com/@%EA%BF%80%ED%8C%81%EC%A3%BC%EB%B6%80%EB%B0%B1%EC%82%B4%EB%A6%BC,183000,184000,192100,생활꿀팁·청소·생활용품·주방·식품보관,2026-09-18,2026-09-18,2026-09-18,https://tenb.io/yt/channel/@%EA%BF%80%ED%8C%81%EC%A3%BC%EB%B6%80%EB%B0%B1%EC%82%B4%EB%A6%BC,"보고 수치 범위 183,000~184,000명. 순위는 하한값 사용."
100,포함,기존,슬로,@slow_ri,Instagram,https://www.instagram.com/slow_ri/,https://www.instagram.com/slow_ri/,192000,,,,192000,인테리어,2026-09-09 명단,,,기존 2026-09-09 배포 명단,기존 명단 수치 유지; 개별 플랫폼 확인일 미기록
101,예비,기존,써니홈,@ssunyhome,Instagram,https://www.instagram.com/ssunyhome/,https://www.instagram.com/ssunyhome/,179000,https://www.youtube.com/@ssunyhome,7120,,186120,세탁,2026-09-09 명단,,,기존 2026-09-09 배포 명단,기존 명단 수치 유지; 개별 플랫폼 확인일 미기록
102,예비,기존,더리테이블,@thelee_table,Instagram,https://www.instagram.com/thelee_table/,https://www.instagram.com/thelee_table/,176000,,,,176000,주방·요리,2026-09-09 명단,,,기존 2026-09-09 배포 명단,기존 명단 수치 유지; 개별 플랫폼 확인일 미기록
103,예비,신규,살림나라 알뜰공주,@nara_gongju,YouTube,https://www.youtube.com/@nara_gongju,,,https://www.youtube.com/@nara_gongju,164000,,164000,식비절약·집밥·반찬·식재료활용·주방용품,2026-09-15,,2026-09-15,https://vidiq.com/youtube-stats/channel/@nara_gongju/,이전 점검 보고값; 실시간 갱신 아님
104,예비,신규,살림에디터 두룸·정두미,@doroom_ing,Instagram,https://www.instagram.com/doroom_ing/,https://www.instagram.com/doroom_ing/,157000,,,,157000,청소·세탁·살림루틴·정리수납·생활용품,2026-09-20,2026-09-20,,https://www.gimpo.go.kr/masan/bookDetailView.do?key=7037&manageCode=MS&mode=new&option=&rec_key=568641159&rep=1&startdate=1M,이전 점검 보고값; 실시간 갱신 아님
105,예비,기존,에이홈,@a_home84,Instagram,https://www.instagram.com/a_home84/,https://www.instagram.com/a_home84/,156000,,,,156000,청소,2026-09-09 명단,,,기존 2026-09-09 배포 명단,기존 명단 수치 유지; 개별 플랫폼 확인일 미기록
106,예비,신규,내살림예뻐해주기,@mylifeispretty,YouTube,https://www.youtube.com/@mylifeispretty,,,https://www.youtube.com/@mylifeispretty,154000,,154000,재활용수납·제로웨이스트·친환경살림·주방정리,2026-09-15,,2026-09-15,https://vidiq.com/youtube-stats/channel/@mylifeispretty/,이전 점검 보고값; 실시간 갱신 아님
107,예비,신규,진데이,@jindaylove,YouTube,https://www.youtube.com/@jindaylove,,,https://www.youtube.com/@jindaylove,140000,,140000,청소·정리수납·살림루틴·인테리어,2026-09-16,,2026-09-16,https://vidiq.com/youtube-stats/channel/@jindaylove/,이전 점검 보고값; 실시간 갱신 아님
108,예비,신규,살림스케치·김향숙,@salimsketch,YouTube,https://www.youtube.com/@salimsketch,,,https://www.youtube.com/@salimsketch,135000,,135000,제로웨이스트·친환경살림·재활용·주방·식재료보관,2026-09-21,,2026-09-21,https://www.youtube.com/@salimsketch,이전 보고 수치 반영. 저자 교차 확인의 개별 기사 URL은 이전 보고에 없음.
109,예비,신규,모던주부 MDjubu,@mdjubu.home,Instagram,https://www.instagram.com/mdjubu.home/,https://www.instagram.com/mdjubu.home/,,https://www.youtube.com/@mdjubu,120000,,120000,살림꿀팁·청소·정리수납·주방용품·생활용품,2026-09-13,,2026-09-13,https://vidiq.com/youtube-stats/channel/@mdjubu/,이전 점검 보고값; 실시간 갱신 아님
110,예비,신규,현실라이프,@reallifehoomom,YouTube,https://www.youtube.com/@reallifehoomom,,,https://www.youtube.com/@reallifehoomom,111000,,111000,주방정리·스테인리스청소·냉장고수납·옷장수납,2026-09-16,,2026-09-16,https://vidiq.com/youtube-stats/channel/@reallifehoomom/,이전 점검 보고값; 실시간 갱신 아님
111,예비,기존,1분살림,@onesalim_,Instagram,https://www.instagram.com/onesalim_/,https://www.instagram.com/onesalim_/,102400,,,,102400,청소,2026-09-09 명단,,,기존 2026-09-09 배포 명단,기존 명단 수치 유지; 개별 플랫폼 확인일 미기록
112,예비,기존,숨마리,@soom_mari,Instagram,https://www.instagram.com/soom_mari/,https://www.instagram.com/soom_mari/,95000,,,,95000,주방·요리,2026-09-09 명단,,,기존 2026-09-09 배포 명단,기존 명단 수치 유지; 개별 플랫폼 확인일 미기록
113,예비,신규,꿈마_생활꿀팁,꿈마_생활꿀팁,YouTube,https://www.youtube.com/channel/UCiP-rjkT7477066KoQPzmjg,,,https://www.youtube.com/channel/UCiP-rjkT7477066KoQPzmjg,82400,,82400,생활꿀팁·재활용·미니멀살림·정리수납,2026-09-16,,2026-09-16,https://playboard.co/en/channel/UCiP-rjkT7477066KoQPzmjg,이전 점검 보고값; 실시간 갱신 아님
